Formatted Date,Time,Summary,Precip Type,Temperature (C),Apparent Temperature (C),Wind Speed (km/h),Wind Bearing (degrees),Visibility (km),Pressure (millibars),Humidity,Month,Day,Year
9/25/2007,00:00.0,Partly Cloudy,rain,23.96111111,23.96111111,4.6529,123,9.982,1012.53,0.29,9,25,2007
9/25/2007,00:00.0,Partly Cloudy,rain,23.83333333,23.83333333,5.635,208,10.3523,1012.34,0.3,9,25,2007
9/25/2007,00:00.0,Partly Cloudy,rain,22.58888889,22.58888889,0.5152,20,9.982,1012.13,0.35,9,25,2007
9/25/2007,00:00.0,Partly Cloudy,rain,17.10555556,17.10555556,11.27,350,9.982,1012.33,0.53,9,25,2007
9/25/2007,00:00.0,Partly Cloudy,rain,15.02777778,15.02777778,4.4758,67,9.982,1012.67,0.61,9,25,2007
9/25/2007,00:00.0,Partly Cloudy,rain,12.71111111,12.71111111,6.44,0,9.982,1012.84,0.7,9,25,2007
9/25/2007,00:00.0,Partly Cloudy,rain,12.64444444,12.64444444,6.44,0,15.8263,1012.85,0.73,9,25,2007
9/25/2007,00:00.0,Partly Cloudy,rain,11.14444444,11.14444444,3.3649,336,14.5866,1013.26,0.76,9,25,2007
9/26/2007,00:00.0,Partly Cloudy,rain,10.51666667,10.51666667,6.9874,340,15.8263,1013.15,0.77,9,26,2007
9/26/2007,00:00.0,Partly Cloudy,rain,8.916666667,6.661111111,14.49,0,15.8263,1013.24,0.75,9,26,2007
9/26/2007,00:00.0,Partly Cloudy,rain,13.17777778,13.17777778,9.2897,69,11.1734,1010.39,0.81,9,26,2007
9/26/2007,00:00.0,Partly Cloudy,rain,7.805555556,6.688888889,6.9874,350,9.982,1013.14,0.86,9,26,2007
9/26/2007,00:00.0,Partly Cloudy,rain,7.405555556,7.405555556,4.6529,348,9.982,1012.72,0.83,9,26,2007
9/26/2007,00:00.0,Mostly Cloudy,rain,8.583333333,8.583333333,3.1234,344,11.2539,1012.74,0.87,9,26,2007
9/26/2007,00:00.0,Mostly Cloudy,rain,7.888888889,6.694444444,7.3577,346,7.9695,1012.73,0.84,9,26,2007
9/26/2007,00:00.0,Mostly Cloudy,rain,7.355555556,7.355555556,0.6601,359,6.118,1012.92,0.8,9,26,2007
9/26/2007,00:00.0,Overcast,rain,10.08888889,10.08888889,7.5992,52,7.5509,1013.01,0.84,9,26,2007
9/26/2007,00:00.0,Overcast,rain,12.2,12.2,4.1055,127,9.9015,1012.86,0.75,9,26,2007
9/26/2007,00:00.0,Overcast,rain,12.82777778,12.82777778,4.6368,146,9.9015,1013.03,0.73,9,26,2007
9/26/2007,00:00.0,Overcast,rain,13.95555556,13.95555556,4.7173,170,11.0285,1013.12,0.74,9,26,2007
9/26/2007,00:00.0,Overcast,rain,16.11666667,16.11666667,9.0965,108,9.982,1012.6,0.62,9,26,2007
9/26/2007,00:00.0,Overcast,rain,17.13333333,17.13333333,10.2718,138,9.982,1012.03,0.59,9,26,2007
9/26/2007,00:00.0,Overcast,rain,16.98333333,16.98333333,8.1466,90,9.9015,1011.77,0.61,9,26,2007
9/26/2007,00:00.0,Overcast,rain,17.17777778,17.17777778,10.6743,117,11.1251,1011.3,0.63,9,26,2007
9/26/2007,00:00.0,Overcast,rain,16.20555556,16.20555556,10.6099,138,11.1251,1011,0.72,9,26,2007
9/26/2007,00:00.0,Overcast,rain,15.36666667,15.36666667,13.6045,138,7.9856,1011.16,0.81,9,26,2007
9/26/2007,00:00.0,Mostly Cloudy,rain,15.18333333,15.18333333,12.6546,130,8.05,1010.96,0.77,9,26,2007
9/26/2007,00:00.0,Overcast,rain,14.05,14.05,11.0929,120,8.05,1010.85,0.82,9,26,2007
9/26/2007,00:00.0,Overcast,rain,14.08888889,14.08888889,9.177,113,8.3398,1011.11,0.84,9,26,2007
9/26/2007,00:00.0,Overcast,rain,13.88888889,13.88888889,9.5634,72,10.9802,1010.92,0.83,9,26,2007
9/26/2007,00:00.0,Overcast,rain,14.4,14.4,6.2951,89,9.8049,1011.02,0.78,9,26,2007
9/26/2007,00:00.0,Overcast,rain,14.40555556,14.40555556,10.787,78,9.8371,1010.98,0.82,9,26,2007
9/27/2007,00:00.0,Mostly Cloudy,rain,14.4,14.4,11.0124,78,14.7315,1010.4,0.78,9,27,2007
9/27/2007,00:00.0,Mostly Cloudy,rain,14.37777778,14.37777778,11.0607,79,14.7315,1009.81,0.78,9,27,2007
9/27/2007,00:00.0,Mostly Cloudy,rain,14.21111111,14.21111111,13.2503,112,11.5276,1010.38,0.85,9,27,2007
9/27/2007,00:00.0,Partly Cloudy,rain,13.28888889,13.28888889,14.0231,70,7.9695,1009.12,0.83,9,27,2007
9/27/2007,00:00.0,Mostly Cloudy,rain,13.71111111,13.71111111,14.4578,79,6.118,1008.82,0.81,9,27,2007
9/27/2007,00:00.0,Partly Cloudy,rain,13.17777778,13.17777778,13.4274,70,6.6976,1008.47,0.85,9,27,2007
9/27/2007,00:00.0,Partly Cloudy,rain,12.76666667,12.76666667,12.4131,108,5.0393,1008.52,0.9,9,27,2007
9/27/2007,00:00.0,Partly Cloudy,rain,13.78333333,13.78333333,13.9748,118,7.9051,1008.49,0.83,9,27,2007
9/27/2007,00:00.0,Mostly Cloudy,rain,14.73333333,14.73333333,16.261,126,9.016,1008.5,0.8,9,27,2007
9/27/2007,00:00.0,Mostly Cloudy,rain,17.64444444,17.64444444,20.3826,139,9.982,1008.19,0.73,9,27,2007
9/27/2007,00:00.0,Mostly Cloudy,rain,19.88888889,19.88888889,17.388,148,9.982,1008.27,0.64,9,27,2007
9/27/2007,00:00.0,Mostly Cloudy,rain,21.92777778,21.92777778,25.9049,157,10.3523,1008.36,0.6,9,27,2007
9/27/2007,00:00.0,Mostly Cloudy,rain,22.55,22.55,26.0498,160,9.982,1008.03,0.54,9,27,2007
9/27/2007,00:00.0,Mostly Cloudy,rain,22.55555556,22.55555556,22.8942,179,11.27,1008.27,0.55,9,27,2007
9/27/2007,00:00.0,Partly Cloudy,rain,20.97777778,20.97777778,13.4596,253,11.4471,1009.08,0.65,9,27,2007
9/27/2007,00:00.0,Overcast,rain,17.73888889,17.73888889,11.0446,259,6.118,1009.56,0.84,9,27,2007
9/27/2007,00:00.0,Mostly Cloudy,rain,17.6,17.6,4.1377,147,11.0446,1010.33,0.84,9,27,2007
9/27/2007,00:00.0,Overcast,rain,16.97222222,16.97222222,8.2271,301,11.2378,1010.36,0.83,9,27,2007
9/27/2007,00:00.0,Mostly Cloudy,rain,15.99444444,15.99444444,9.2253,340,11.1251,1010.78,0.81,9,27,2007
9/27/2007,00:00.0,Mostly Cloudy,rain,14.93333333,14.93333333,8.05,60,6.1985,1010.98,0.87,9,27,2007
9/27/2007,00:00.0,Partly Cloudy,rain,14.81666667,14.81666667,12.4614,72,7.6475,1011.13,0.88,9,27,2007
9/27/2007,00:00.0,Partly Cloudy,rain,14.81666667,14.81666667,9.016,99,7.7119,1011.2,0.88,9,27,2007
9/27/2007,00:00.0,Mostly Cloudy,rain,15.32777778,15.32777778,13.5401,120,7.6958,1011.49,0.85,9,27,2007
9/27/2007,00:00.0,Mostly Cloudy,rain,14.35,14.35,13.2986,108,9.6117,1011.4,0.91,9,27,2007
9/28/2007,00:00.0,Mostly Cloudy,rain,14.38333333,14.38333333,10.9641,118,7.8729,1011.21,0.9,9,28,2007
9/28/2007,00:00.0,Mostly Cloudy,rain,13.89444444,13.89444444,6.0858,134,7.9695,1011.17,0.86,9,28,2007
9/28/2007,00:00.0,Foggy,rain,11.2,11.2,11.0124,108,2.0608,1017.24,0.9,9,28,2007
9/28/2007,00:00.0,Mostly Cloudy,rain,14.28333333,14.28333333,16.744,128,14.7315,1009.9,0.88,9,28,2007
9/28/2007,00:00.0,Mostly Cloudy,rain,14.82222222,14.82222222,20.5597,119,15.6492,1008.99,0.84,9,28,2007
9/28/2007,00:00.0,Partly Cloudy,rain,14.33333333,14.33333333,16.2127,135,14.7959,1009.23,0.85,9,28,2007
9/28/2007,00:00.0,Mostly Cloudy,rain,14.90555556,14.90555556,23.0713,139,9.8049,1008.47,0.84,9,28,2007
9/28/2007,00:00.0,Mostly Cloudy,rain,16.01666667,16.01666667,23.4899,130,11.0446,1008.19,0.79,9,28,2007
9/28/2007,00:00.0,Mostly Cloudy,rain,17.14444444,17.14444444,23.8441,132,9.9015,1008.51,0.77,9,28,2007
9/28/2007,00:00.0,Mostly Cloudy,rain,17.15555556,17.15555556,23.6831,150,9.9015,1007.38,0.76,9,28,2007
9/28/2007,00:00.0,Mostly Cloudy,rain,18.81666667,18.81666667,24.6008,160,11.1251,1008.47,0.74,9,28,2007
9/28/2007,00:00.0,Overcast,rain,19.92777778,19.92777778,25.0033,173,11.592,1008.43,0.69,9,28,2007
9/28/2007,00:00.0,Breezy and Overcast,rain,17.6,17.6,36.1606,192,11.1251,1010.3,0.78,9,28,2007
9/28/2007,00:00.0,Overcast,rain,16.99444444,16.99444444,13.8621,239,11.27,1011.19,0.81,9,28,2007
9/28/2007,00:00.0,Overcast,rain,15.14444444,15.14444444,8.4686,195,11.0768,1012.22,0.87,9,28,2007
9/28/2007,00:00.0,Mostly Cloudy,rain,15.75555556,15.75555556,6.923,167,15.8746,1012.41,0.85,9,28,2007
9/28/2007,00:00.0,Partly Cloudy,rain,17.88888889,17.88888889,12.7673,204,11.27,1011.94,0.77,9,28,2007
9/28/2007,00:00.0,Partly Cloudy,rain,18.90555556,18.90555556,13.9426,178,11.4471,1011.91,0.74,9,28,2007
9/28/2007,00:00.0,Partly Cloudy,rain,17.31111111,17.31111111,5.1681,149,11.2056,1012.37,0.8,9,28,2007
9/28/2007,00:00.0,Partly Cloudy,rain,15.13888889,15.13888889,1.9964,103,9.982,1013.28,0.86,9,28,2007
9/28/2007,00:00.0,Partly Cloudy,rain,14.98333333,14.98333333,4.4436,131,9.4507,1014.22,0.88,9,28,2007
9/28/2007,00:00.0,Clear,rain,13.88888889,13.88888889,3.5903,173,4.2021,1014.79,0.9,9,28,2007
9/28/2007,00:00.0,Foggy,rain,12.80555556,12.80555556,3.4937,167,0.483,1015.48,0.93,9,28,2007
9/28/2007,00:00.0,Foggy,rain,12.33333333,12.33333333,3.3971,134,1.4812,1016.21,0.91,9,28,2007
9/29/2007,00:00.0,Foggy,rain,11.62222222,11.62222222,7.1323,172,0.322,1016.99,0.93,9,29,2007
9/29/2007,00:00.0,Foggy,rain,11.60555556,11.60555556,7.1323,172,0.4347,1017.89,0.93,9,29,2007
9/29/2007,00:00.0,Clear,rain,9.65,9.65,1.8032,234,5.8282,1022.87,0.88,9,29,2007
9/29/2007,00:00.0,Foggy,rain,9.4,9.4,1.5295,130,2.2057,1019,0.89,9,29,2007
9/29/2007,00:00.0,Foggy,rain,8.472222222,8.472222222,4.7656,159,2.2057,1019.57,0.93,9,29,2007
9/29/2007,00:00.0,Foggy,rain,8.594444444,8.594444444,3.1717,161,1.0465,1019.93,0.93,9,29,2007
9/29/2007,00:00.0,Foggy,rain,7.316666667,7.316666667,3.4615,134,0.4347,1020.08,0.93,9,29,2007
9/29/2007,00:00.0,Foggy,rain,8.822222222,7.35,9.4024,151,0.5152,1020.4,0.93,9,29,2007
9/29/2007,00:00.0,Foggy,rain,9.272222222,8.361111111,7.1162,182,0.5635,1021.28,0.93,9,29,2007
9/29/2007,00:00.0,Foggy,rain,12.45555556,12.45555556,1.8515,174,0.7567,1021.93,0.85,9,29,2007
9/29/2007,00:00.0,Clear,rain,16.22777778,16.22777778,8.4203,159,8.1305,1022.07,0.85,9,29,2007
9/29/2007,00:00.0,Clear,rain,18.9,18.9,8.3398,132,9.6278,1022.08,0.65,9,29,2007
9/29/2007,00:00.0,Partly Cloudy,rain,21.11111111,21.11111111,7.6153,126,11.2056,1022.07,0.49,9,29,2007
9/29/2007,00:00.0,Partly Cloudy,rain,22.22222222,22.22222222,8.3076,189,9.982,1021.98,0.43,9,29,2007
9/29/2007,00:00.0,Partly Cloudy,rain,22.6,22.6,5.313,189,10.3523,1021.79,0.44,9,29,2007
9/29/2007,00:00.0,Partly Cloudy,rain,22.8,22.8,11.3183,199,9.982,1021.46,0.38,9,29,2007
9/29/2007,00:00.0,Partly Cloudy,rain,22.33888889,22.33888889,5.2969,186,9.982,1021.37,0.39,9,29,2007
9/29/2007,00:00.0,Partly Cloudy,rain,22.29444444,22.29444444,8.9838,187,10.3523,1021.44,0.42,9,29,2007
9/29/2007,00:00.0,Partly Cloudy,rain,20.04444444,20.04444444,4.9427,194,9.982,1021.58,0.52,9,29,2007
9/29/2007,00:00.0,Partly Cloudy,rain,17.22222222,17.22222222,5.0393,160,9.982,1021.9,0.62,9,29,2007
9/29/2007,00:00.0,Partly Cloudy,rain,14.02222222,14.02222222,2.8658,133,9.982,1022.28,0.77,9,29,2007
9/29/2007,00:00.0,Partly Cloudy,rain,14.02222222,14.02222222,2.8658,133,9.982,1022.28,0.77,9,29,2007
9/29/2007,00:00.0,Partly Cloudy,rain,12.68888889,12.68888889,1.449,293,9.982,1022.71,0.77,9,29,2007
9/29/2007,00:00.0,Partly Cloudy,rain,12.59444444,12.59444444,3.22,40,15.8263,1022.9,0.75,9,29,2007
9/29/2007,00:00.0,Clear,rain,11.67222222,11.67222222,5.2325,18,14.9569,1023.13,0.84,9,29,2007
12/13/2008,00:00.0,Overcast,rain,3.861111111,2.233333333,6.601,5,14.9086,1016.1,0.85,12,13,2008
12/13/2008,00:00.0,Overcast,rain,4.955555556,1.877777778,13.9426,123,9.7888,1015.52,0.88,12,13,2008
12/13/2008,00:00.0,Overcast,rain,3.861111111,1.083333333,11.0768,40,8.1305,1016.05,0.85,12,13,2008
12/13/2008,00:00.0,Overcast,rain,4.372222222,1.777777778,10.6743,40,14.9086,1016.17,0.8,12,13,2008
12/13/2008,00:00.0,Overcast,rain,4.022222222,1.566666667,9.7405,39,14.168,1016,0.83,12,13,2008
12/13/2008,00:00.0,Overcast,rain,2.822222222,2.822222222,3.2522,5,9.982,1016.23,0.89,12,13,2008
12/13/2008,00:00.0,Overcast,rain,2.822222222,0.661111111,7.7602,31,11.2056,1016.24,0.95,12,13,2008
12/13/2008,00:00.0,Overcast,rain,3.883333333,1.955555556,7.567,5,6.8908,1016.31,0.9,12,13,2008
12/13/2008,00:00.0,Overcast,rain,3.861111111,3.861111111,3.4454,20,5.2808,1015.96,0.92,12,13,2008
12/13/2008,00:00.0,Mostly Cloudy,rain,4.905555556,2.75,9.1609,88,11.27,1015.86,0.86,12,13,2008
12/13/2008,00:00.0,Mostly Cloudy,rain,6.788888889,5.783333333,6.0375,64,11.0285,1015.61,0.82,12,13,2008
12/13/2008,00:00.0,Overcast,rain,6.961111111,5.1,9.6117,59,11.2056,1015.27,0.8,12,13,2008
12/13/2008,00:00.0,Overcast,rain,6.983333333,5.45,8.1305,59,11.2056,1015.04,0.8,12,13,2008
12/13/2008,00:00.0,Overcast,rain,6.172222222,4.233333333,9.2575,90,11.0285,1014.92,0.87,12,13,2008
12/13/2008,00:00.0,Overcast,rain,7.033333333,7.033333333,3.5098,108,11.2056,1014.69,0.8,12,13,2008
12/13/2008,00:00.0,Mostly Cloudy,rain,6.016666667,5.188888889,5.1681,80,11.27,1014.43,0.86,12,13,2008
12/13/2008,00:00.0,Mostly Cloudy,rain,6.122222222,4.872222222,6.5044,110,8.4203,1014.56,0.86,12,13,2008
12/13/2008,00:00.0,Mostly Cloudy,rain,5.994444444,5.122222222,5.2808,88,6.2951,1014.71,0.86,12,13,2008
12/13/2008,00:00.0,Mostly Cloudy,rain,5.972222222,5.244444444,4.8783,116,6.2951,1015.01,0.86,12,13,2008
12/13/2008,00:00.0,Mostly Cloudy,rain,5.861111111,3.388888889,11.592,145,6.4883,1015.41,0.88,12,13,2008
12/13/2008,00:00.0,Mostly Cloudy,rain,5.95,3.15,13.6045,148,6.1985,1015.42,0.86,12,13,2008
12/13/2008,00:00.0,Mostly Cloudy,rain,5.388888889,3.016666667,10.6099,148,6.1985,1015.72,0.89,12,13,2008
12/13/2008,00:00.0,Mostly Cloudy,rain,4.938888889,2.516666667,10.4006,167,5.4579,1015.68,0.9,12,13,2008
12/13/2008,00:00.0,Overcast,rain,4.422222222,2.872222222,6.601,146,4.1699,1015.9,0.92,12,13,2008
12/14/2008,00:00.0,Overcast,rain,4.422222222,2.983333333,6.2629,147,4.1699,1015.81,0.92,12,14,2008
12/14/2008,00:00.0,Mostly Cloudy,rain,3.544444444,1.388888889,8.1788,115,14.0231,1019.11,0.87,12,14,2008
12/14/2008,00:00.0,Mostly Cloudy,rain,4.955555556,1.438888889,16.8728,139,9.6761,1015.82,0.89,12,14,2008
12/14/2008,00:00.0,Mostly Cloudy,rain,4.955555556,1.066666667,19.6903,149,14.6832,1015.91,0.83,12,14,2008
12/14/2008,00:00.0,Mostly Cloudy,rain,4.888888889,1.4,16.5186,149,14.7959,1016.1,0.84,12,14,2008
12/14/2008,00:00.0,Mostly Cloudy,rain,3.916666667,0.377777778,15.3433,148,11.1251,1015.83,0.83,12,14,2008
12/14/2008,00:00.0,Mostly Cloudy,rain,3.916666667,0.15,16.8245,158,11.27,1016.12,0.83,12,14,2008
12/14/2008,00:00.0,Mostly Cloudy,rain,3.811111111,0.255555556,15.2789,146,11.0768,1016.57,0.84,12,14,2008
12/14/2008,00:00.0,Mostly Cloudy,rain,3.894444444,0.327777778,15.4721,150,10.0464,1017,0.83,12,14,2008
12/14/2008,00:00.0,Mostly Cloudy,rain,3.916666667,0.866666667,12.4936,158,10.0464,1017.32,0.83,12,14,2008
12/14/2008,00:00.0,Mostly Cloudy,rain,5.011111111,1.427777778,17.4202,148,10.4006,1017.82,0.83,12,14,2008
12/14/2008,00:00.0,Mostly Cloudy,rain,5.066666667,1.522222222,17.227,150,10.0464,1017.59,0.82,12,14,2008
12/14/2008,00:00.0,Mostly Cloudy,rain,7.15,4.322222222,15.6814,140,10.0464,1017.2,0.74,12,14,2008
12/14/2008,00:00.0,Mostly Cloudy,rain,7.177777778,3.844444444,19.8835,156,10.4006,1017.14,0.75,12,14,2008
12/14/2008,00:00.0,Mostly Cloudy,rain,7.777777778,4.288888889,22.9425,140,10.0464,1016.8,0.76,12,14,2008
12/14/2008,00:00.0,Mostly Cloudy,rain,7.755555556,4.427777778,21.2681,149,9.982,1016.99,0.72,12,14,2008
12/14/2008,00:00.0,Partly Cloudy,rain,6.061111111,3.005555556,15.4882,136,10.3523,1017.32,0.8,12,14,2008
12/14/2008,00:00.0,Partly Cloudy,rain,4.883333333,1.816666667,13.7816,137,9.982,1017.51,0.83,12,14,2008
12/14/2008,00:00.0,Partly Cloudy,rain,5.905555556,2.277777778,19.5776,148,9.982,1018.19,0.77,12,14,2008
12/14/2008,00:00.0,Mostly Cloudy,rain,4.838888889,1.011111111,18.9336,145,9.982,1018.47,0.83,12,14,2008
12/14/2008,00:00.0,Mostly Cloudy,rain,4.933333333,1.905555556,13.6367,157,9.982,1018.53,0.83,12,14,2008
12/14/2008,00:00.0,Partly Cloudy,rain,4.4,1.822222222,10.6421,147,15.8263,1019.11,0.83,12,14,2008
12/14/2008,00:00.0,Partly Cloudy,rain,4.377777778,0.644444444,17.3558,145,14.9569,1019.5,0.83,12,14,2008
12/14/2008,00:00.0,Mostly Cloudy,rain,3.333333333,0.477777778,10.9319,138,15.6492,1019.7,0.85,12,14,2008
12/15/2008,00:00.0,Mostly Cloudy,rain,4.327777778,1.605555556,11.27,140,15.6492,1019.71,0.83,12,15,2008
12/15/2008,00:00.0,Mostly Cloudy,rain,5.6,1.5,23.0874,155,15.0052,1022.99,0.79,12,15,2008
12/15/2008,00:00.0,Partly Cloudy,rain,2.733333333,-0.294444444,11.1573,119,14.7315,1019.81,0.85,12,15,2008
12/15/2008,00:00.0,Mostly Cloudy,rain,3.772222222,0.461111111,13.7977,128,14.7315,1020.3,0.83,12,15,2008
12/15/2008,00:00.0,Mostly Cloudy,rain,4.288888889,0.972222222,14.49,139,14.0231,1020.4,0.84,12,15,2008
12/15/2008,00:00.0,Mostly Cloudy,rain,3.8,1.4,9.338,100,9.8049,1020.6,0.89,12,15,2008
12/15/2008,00:00.0,Mostly Cloudy,rain,3.844444444,0.783333333,12.4614,108,9.8049,1020.8,0.83,12,15,2008
12/15/2008,00:00.0,Partly Cloudy,rain,3.977777778,0.811111111,13.202,112,9.9015,1021.01,0.89,12,15,2008
12/15/2008,00:00.0,Mostly Cloudy,rain,4.816666667,2.005555556,12.2521,119,9.9015,1021.61,0.83,12,15,2008
12/15/2008,00:00.0,Mostly Cloudy,rain,5.994444444,2.722222222,16.9372,138,9.982,1022.21,0.77,12,15,2008
12/15/2008,00:00.0,Mostly Cloudy,rain,7.083333333,3.544444444,21.5579,148,10.3523,1022.6,0.75,12,15,2008
12/15/2008,00:00.0,Mostly Cloudy,rain,7.761111111,4.25,23.1196,149,9.982,1022.51,0.77,12,15,2008
12/15/2008,00:00.0,Mostly Cloudy,rain,8.822222222,5.594444444,23.2967,149,9.982,1022.4,0.72,12,15,2008
12/15/2008,00:00.0,Mostly Cloudy,rain,8.833333333,5.538888889,24.0856,149,10.3523,1022.28,0.72,12,15,2008
12/15/2008,00:00.0,Mostly Cloudy,rain,8.844444444,5.627777778,23.2323,149,9.982,1022.12,0.72,12,15,2008
12/15/2008,00:00.0,Mostly Cloudy,rain,7.827777778,4.466666667,21.7672,139,10.0464,1022.39,0.76,12,15,2008
12/15/2008,00:00.0,Mostly Cloudy,rain,7.65,4.105555556,23.2323,148,10.4006,1022.57,0.72,12,15,2008
12/15/2008,00:00.0,Mostly Cloudy,rain,7.133333333,4.155555556,16.7762,148,10.0464,1022.81,0.72,12,15,2008
12/15/2008,00:00.0,Mostly Cloudy,rain,7.133333333,4.344444444,15.3594,147,10.0464,1023.3,0.72,12,15,2008
12/15/2008,00:00.0,Overcast,rain,6.116666667,2.577777778,19.3039,157,10.0303,1023.49,0.77,12,15,2008
12/15/2008,00:00.0,Overcast,rain,6.088888889,2.8,17.227,159,9.982,1023.4,0.77,12,15,2008
12/15/2008,00:00.0,Overcast,rain,6.044444444,1.922222222,24.5364,149,15.8746,1023.7,0.77,12,15,2008
12/15/2008,00:00.0,Mostly Cloudy,rain,5.522222222,2.194444444,16.4864,147,15.0052,1023.75,0.8,12,15,2008
12/15/2008,00:00.0,Mostly Cloudy,rain,5.488888889,2.094444444,16.8889,149,15.8746,1024.09,0.8,12,15,2008
12/16/2008,00:00.0,Overcast,rain,5.488888889,1.7,19.9801,149,15.8746,1024,0.8,12,16,2008
12/16/2008,00:00.0,Mostly Cloudy,rain,6.066666667,2.444444444,19.8835,140,14.168,1019.07,0.8,12,16,2008
12/16/2008,00:00.0,Overcast,rain,5.994444444,1.883333333,24.311,159,15.8746,1023.82,0.8,12,16,2008
12/16/2008,00:00.0,Overcast,rain,5.488888889,2.083333333,16.9533,149,15.8746,1023.72,0.83,12,16,2008
12/16/2008,00:00.0,Mostly Cloudy,rain,4.983333333,1.444444444,17.0338,151,15.0052,1023.61,0.83,12,16,2008
12/16/2008,00:00.0,Mostly Cloudy,rain,3.961111111,1.25,10.8353,168,10.0464,1023.51,0.89,12,16,2008
12/16/2008,00:00.0,Mostly Cloudy,rain,4.977777778,2.155555556,12.4936,149,10.0464,1023.3,0.82,12,16,2008
12/16/2008,00:00.0,Mostly Cloudy,rain,4.983333333,2.094444444,12.8478,145,10.4006,1023.13,0.86,12,16,2008
12/16/2008,00:00.0,Mostly Cloudy,rain,4.977777778,1.883333333,14.0714,149,10.0464,1023.19,0.86,12,16,2008
12/16/2008,00:00.0,Mostly Cloudy,rain,6.066666667,2.411111111,20.1411,149,9.982,1023.29,0.8,12,16,2008
12/16/2008,00:00.0,Mostly Cloudy,rain,7.038888889,4.322222222,14.6993,156,10.3523,1023.64,0.76,12,16,2008
12/16/2008,00:00.0,Mostly Cloudy,rain,7.222222222,4.405555556,15.7297,159,9.982,1023.08,0.8,12,16,2008
12/16/2008,00:00.0,Mostly Cloudy,rain,8.794444444,5.577777778,23.1035,150,11.2056,1022.39,0.72,12,16,2008
12/16/2008,00:00.0,Mostly Cloudy,rain,8.7,5.083333333,27.4666,158,10.3523,1022.05,0.73,12,16,2008
12/16/2008,00:00.0,Mostly Cloudy,rain,7.827777778,4.083333333,25.921,159,9.982,1021.48,0.77,12,16,2008
12/16/2008,00:00.0,Mostly Cloudy,rain,7.777777778,4.15,24.4398,149,9.982,1021.28,0.77,12,16,2008
12/16/2008,00:00.0,Mostly Cloudy,rain,7.155555556,3.855555556,19.5132,147,10.3523,1020.88,0.75,12,16,2008
12/16/2008,00:00.0,Mostly Cloudy,rain,7.177777778,5.05,11.1895,147,9.982,1020.88,0.8,12,16,2008
12/16/2008,00:00.0,Overcast,rain,7.155555556,4.377777778,15.3433,138,9.982,1020.13,0.74,12,16,2008
12/16/2008,00:00.0,Overcast,rain,7.066666667,3.722222222,19.7547,137,9.982,1020.05,0.75,12,16,2008
12/16/2008,00:00.0,Overcast,rain,7.155555556,3.816666667,19.8835,138,9.982,1019.8,0.74,12,16,2008
12/16/2008,00:00.0,Overcast,rain,6.622222222,3.5,16.9533,138,15.8263,1019.11,0.77,12,16,2008
12/16/2008,00:00.0,Overcast,rain,6.016666667,2.383333333,19.8513,126,14.9569,1018.75,0.8,12,16,2008
12/16/2008,00:00.0,Overcast,rain,6.116666667,2.85,17.0821,148,15.8263,1018.88,0.77,12,16,2008
12/17/2008,00:00.0,Overcast,rain,6.116666667,2.838888889,17.1626,139,15.8263,1018.29,0.8,12,17,2008
12/17/2008,00:00.0,Overcast,rain,6.438888889,3.183333333,17.6617,136,6.7137,1011.77,0.92,12,17,2008
12/17/2008,00:00.0,Overcast,rain,6.138888889,2.488888889,20.2538,149,14.9569,1017.38,0.8,12,17,2008
12/17/2008,00:00.0,Mostly Cloudy,rain,5.577777778,1.761111111,20.447,148,14.9086,1016.78,0.8,12,17,2008
12/17/2008,00:00.0,Mostly Cloudy,rain,6.511111111,2.283333333,27.0641,145,14.168,1015.99,0.78,12,17,2008
12/17/2008,00:00.0,Mostly Cloudy,rain,6.066666667,1.8,26.1142,149,9.982,1015.28,0.8,12,17,2008
12/17/2008,00:00.0,Partly Cloudy,rain,5.027777778,0.766666667,23.0874,149,9.982,1014.78,0.86,12,17,2008
12/17/2008,00:00.0,Mostly Cloudy,rain,6.005555556,1.922222222,24.0051,156,10.3523,1014.61,0.8,12,17,2008
12/17/2008,00:00.0,Mostly Cloudy,rain,6.044444444,1.794444444,25.8727,149,9.982,1014.5,0.8,12,17,2008
12/17/2008,00:00.0,Mostly Cloudy,rain,7.111111111,3.311111111,24.2949,149,9.982,1014.61,0.74,12,17,2008
12/17/2008,00:00.0,Mostly Cloudy,rain,7.827777778,3.838888889,28.9478,148,10.3523,1013.95,0.77,12,17,2008
12/17/2008,00:00.0,Breezy and Mostly Cloudy,rain,9.883333333,6.216666667,33.4719,159,9.982,1013.12,0.68,12,17,2008
12/17/2008,00:00.0,Mostly Cloudy,rain,9.955555556,6.577777778,29.3503,159,9.982,1012.41,0.72,12,17,2008
12/17/2008,00:00.0,Breezy and Mostly Cloudy,rain,9.9,6.338888889,31.8136,149,10.3523,1011.64,0.72,12,17,2008
12/17/2008,00:00.0,Breezy and Mostly Cloudy,rain,8.938888889,4.955555556,33.5846,140,9.982,1011.23,0.72,12,17,2008
12/17/2008,00:00.0,Overcast,rain,8.916666667,5.488888889,25.921,149,11.27,1011.33,0.72,12,17,2008
12/17/2008,00:00.0,Overcast,rain,8.833333333,5.811111111,21.1393,135,11.4471,1011.52,0.78,12,17,2008
12/17/2008,00:00.0,Overcast,rain,8.772222222,5.205555556,27.1929,149,11.1251,1011.43,0.78,12,17,2008
12/17/2008,00:00.0,Overcast,rain,7.755555556,3.888888889,27.1285,150,6.1985,1011.73,0.89,12,17,2008
12/17/2008,00:00.0,Overcast,rain,7.711111111,4.094444444,24.1017,158,6.7298,1011.83,0.9,12,17,2008
12/17/2008,00:00.0,Overcast,rain,7.755555556,5.327777778,13.8299,158,6.9391,1011.92,0.89,12,17,2008
12/17/2008,00:00.0,Overcast,rain,7.733333333,4.916666667,16.6635,168,6.9391,1011.22,0.86,12,17,2008
12/17/2008,00:00.0,Overcast,rain,7.222222222,4.205555556,17.2753,167,4.9588,1011.36,0.9,12,17,2008
12/17/2008,00:00.0,Overcast,rain,7.222222222,4.272222222,16.744,158,6.0214,1011.3,0.89,12,17,2008
12/18/2008,00:00.0,Overcast,rain,7.222222222,5.116666667,11.1412,138,6.0214,1010.92,0.89,12,18,2008
12/18/2008,00:00.0,Overcast,rain,5.866666667,3.622222222,10.4489,286,7.8246,1012.82,0.93,12,18,2008
12/18/2008,00:00.0,Overcast,rain,6.694444444,3.572222222,17.066,129,6.9874,1010.13,0.93,12,18,2008
12/18/2008,00:00.0,Overcast,rain,7.2,4.605555556,14.1358,99,6.9391,1009.18,0.89,12,18,2008
12/18/2008,00:00.0,Overcast,rain,7.577777778,6.172222222,8.0178,93,8.1627,1009.17,0.9,12,18,2008
12/18/2008,00:00.0,Overcast,rain,7.733333333,5.25,14.168,80,7.8246,1008.53,0.89,12,18,2008
12/18/2008,00:00.0,Overcast,rain,7.733333333,5.716666667,11.2217,80,10.8997,1008.45,0.96,12,18,2008
12/18/2008,00:00.0,Overcast,rain,7.733333333,5.377777778,13.3147,70,10.8031,1008.77,0.96,12,18,2008
12/18/2008,00:00.0,Overcast,rain,7.805555556,5.516666667,12.9766,80,9.8532,1008.45,0.96,12,18,2008
12/18/2008,00:00.0,Overcast,rain,8.844444444,7.011111111,11.4954,80,9.5956,1008.77,0.89,12,18,2008
12/18/2008,00:00.0,Overcast,rain,8.9,6.833333333,13.1054,84,10.7548,1009.34,0.89,12,18,2008
12/18/2008,00:00.0,Overcast,rain,8.888888889,7.122222222,11.1412,115,10.948,1009.38,0.89,12,18,2008
12/18/2008,00:00.0,Overcast,rain,8.911111111,8.477777778,5.1681,61,10.948,1009.48,0.93,12,18,2008
12/18/2008,00:00.0,Overcast,rain,9.988888889,8.555555556,10.465,66,11.1573,1009.62,0.86,12,18,2008
12/18/2008,00:00.0,Overcast,rain,9.95,8.961111111,8.0178,97,7.8729,1009.65,0.86,12,18,2008
12/18/2008,00:00.0,Overcast,rain,9.927777778,8.944444444,7.9534,107,7.8729,1010.64,0.86,12,18,2008
12/18/2008,00:00.0,Overcast,rain,8.922222222,7.9,7.3577,116,6.2307,1011.63,0.93,12,18,2008
12/18/2008,00:00.0,Overcast,rain,8.772222222,8.772222222,4.6207,68,5.9248,1011.77,0.93,12,18,2008
12/18/2008,00:00.0,Overcast,rain,7.711111111,7.711111111,4.6368,84,5.8765,1011.96,0.96,12,18,2008
12/18/2008,00:00.0,Overcast,rain,7.766666667,7.766666667,1.4007,136,6.118,1012.12,0.96,12,18,2008
12/18/2008,00:00.0,Overcast,rain,7.666666667,7.666666667,4.2343,207,5.8443,1012.17,0.96,12,18,2008
12/18/2008,00:00.0,Overcast,rain,7.644444444,6.755555556,6.0858,228,5.8443,1012.39,0.93,12,18,2008
12/18/2008,00:00.0,Overcast,rain,7.677777778,6.616666667,6.6976,269,3.9284,1012.72,0.94,12,18,2008
12/18/2008,00:00.0,Overcast,rain,7.572222222,6.394444444,7.084,282,4.0733,1012.8,0.93,12,18,2008
12/19/2008,00:00.0,Overcast,rain,6.483333333,3.65,14.6188,309,6.118,1013.01,0.93,12,19,2008
12/19/2008,00:00.0,Overcast,rain,3.294444444,-1,19.5132,319,11.1412,1017.34,0.9,12,19,2008
12/19/2008,00:00.0,Overcast,rain,4.905555556,1.733333333,14.49,299,8.05,1013.76,0.89,12,19,2008
12/19/2008,00:00.0,Overcast,rain,4.4,1.111111111,14.4417,280,8.05,1013.95,0.89,12,19,2008
12/19/2008,00:00.0,Overcast,rain,4.033333333,0.272222222,16.9694,289,8.3398,1014.34,0.92,12,19,2008
12/19/2008,00:00.0,Overcast,rain,3.816666667,-0.055555556,17.388,279,11.1251,1014.44,0.89,12,19,2008
12/19/2008,00:00.0,Overcast,rain,3.816666667,0.133333333,16.1,271,11.1251,1014.63,0.89,12,19,2008
12/19/2008,00:00.0,Overcast,rain,2.938888889,-0.933333333,16.0034,278,10.948,1014.93,0.95,12,19,2008
12/19/2008,00:00.0,Overcast,rain,3.816666667,0.372222222,14.6188,270,11.27,1015.42,0.89,12,19,2008
12/19/2008,00:00.0,Overcast,rain,3.816666667,-0.5,20.7529,260,11.27,1015.92,0.89,12,19,2008
12/19/2008,00:00.0,Overcast,rain,3.877777778,-0.011111111,17.6456,261,11.4471,1016.74,0.89,12,19,2008
12/19/2008,00:00.0,Overcast,rain,3.838888889,-0.083333333,17.7905,260,11.1251,1016.61,0.89,12,19,2008
12/19/2008,00:00.0,Overcast,rain,3.838888889,-0.638888889,22.1375,260,11.1251,1016.22,0.89,12,19,2008
12/19/2008,00:00.0,Overcast,rain,4.911111111,0.483333333,24.4076,271,11.2378,1016.06,0.83,12,19,2008
12/19/2008,00:00.0,Overcast,rain,3.794444444,-0.722222222,22.3307,279,11.0446,1016.02,0.89,12,19,2008
12/19/2008,00:00.0,Overcast,rain,2.727777778,-1.855555556,20.5436,280,10.8836,1016.11,0.89,12,19,2008
12/19/2008,00:00.0,Overcast,rain,2.877777778,-2.016666667,23.4577,270,10.7226,1016.64,0.89,12,19,2008
12/19/2008,00:00.0,Overcast,rain,2.727777778,-1.416666667,17.388,261,10.8514,1016.59,0.89,12,19,2008
12/19/2008,00:00.0,Overcast,rain,2.727777778,-1.822222222,20.3021,261,10.8514,1016.81,0.89,12,19,2008
12/19/2008,00:00.0,Overcast,rain,2.855555556,-1.388888889,18.3379,252,10.3845,1017.05,0.9,12,19,2008
12/19/2008,00:00.0,Overcast,rain,2.822222222,-1.261111111,17.1626,261,10.8997,1017.01,0.96,12,19,2008
12/19/2008,00:00.0,Overcast,rain,3.333333333,-0.661111111,17.388,262,11.7047,1017.14,0.89,12,19,2008
12/19/2008,00:00.0,Overcast,rain,3.433333333,-0.972222222,20.5919,279,9.4024,1017.28,0.92,12,19,2008
12/19/2008,00:00.0,Overcast,rain,2.822222222,-1.727777778,20.5114,292,9.7083,1017.48,0.92,12,19,2008
12/20/2008,00:00.0,Overcast,rain,2.822222222,-1.722222222,20.4309,301,9.7083,1017.69,0.89,12,20,2008
12/20/2008,00:00.0,Overcast,rain,3.372222222,-0.088888889,14.1036,270,6.5366,1018.78,0.9,12,20,2008
12/20/2008,00:00.0,Overcast,rain,2.822222222,-1.705555556,20.3343,329,9.9015,1018.79,0.89,12,20,2008
12/20/2008,00:00.0,Overcast,rain,2.844444444,-1.688888889,20.3826,329,10.0464,1019.09,0.92,12,20,2008
12/20/2008,00:00.0,Overcast,rain,2.955555556,-1.161111111,17.5973,320,11.3827,1019.55,0.92,12,20,2008
12/20/2008,00:00.0,Overcast,rain,2.894444444,-1.211111111,17.4202,329,11.27,1020.02,0.95,12,20,2008
12/20/2008,00:00.0,Overcast,rain,3.911111111,-0.533333333,21.9926,320,11.27,1020.71,0.89,12,20,2008
12/20/2008,00:00.0,Mostly Cloudy,rain,3.877777778,-0.316666667,19.8835,321,11.0768,1021.26,0.89,12,20,2008
12/20/2008,00:00.0,Overcast,rain,3.911111111,-0.516666667,21.8477,320,11.27,1021.82,0.91,12,20,2008
12/20/2008,00:00.0,Mostly Cloudy,rain,4.927777778,0.588888889,23.5704,329,11.27,1022.3,0.82,12,20,2008
12/20/2008,00:00.0,Overcast,rain,4.027777778,0.138888889,17.9032,330,11.0285,1022.73,0.89,12,20,2008
12/20/2008,00:00.0,Mostly Cloudy,rain,5,0.822222222,22.2663,329,11.2056,1022.69,0.82,12,20,2008
12/20/2008,00:00.0,Mostly Cloudy,rain,5.022222222,0.522222222,25.3736,329,11.2056,1022.79,0.82,12,20,2008
12/20/2008,00:00.0,Mostly Cloudy,rain,5.127777778,1.055555556,21.6384,336,11.3988,1022.49,0.75,12,20,2008
12/20/2008,00:00.0,Mostly Cloudy,rain,5.094444444,1.111111111,20.7368,320,11.2056,1021.89,0.75,12,20,2008
12/20/2008,00:00.0,Mostly Cloudy,rain,5.022222222,2.4,11.4793,301,11.2056,1021.47,0.76,12,20,2008
12/20/2008,00:00.0,Overcast,rain,4.127777778,1.383333333,11.1573,310,11.3988,1021.74,0.75,12,20,2008
12/20/2008,00:00.0,Overcast,rain,2.938888889,0.311111111,9.6117,280,9.982,1021.55,0.82,12,20,2008
12/20/2008,00:00.0,Overcast,rain,2.894444444,1.444444444,5.6672,257,10.0464,1021.54,0.82,12,20,2008
12/20/2008,00:00.0,Overcast,rain,3.894444444,0.35,15.3433,270,9.9015,1021.48,0.77,12,20,2008
12/20/2008,00:00.0,Overcast,rain,2.822222222,-1.838888889,21.3647,279,11.27,1021.42,0.89,12,20,2008
12/20/2008,00:00.0,Overcast,rain,2.872222222,-1.188888889,17.0821,278,7.2772,1021.19,0.89,12,20,2008
12/20/2008,00:00.0,Overcast,rain,2.938888889,-0.272222222,12.2521,244,7.6797,1020.75,0.89,12,20,2008
12/20/2008,00:00.0,Overcast,rain,2.85,-1.238888889,17.2109,251,7.2772,1020.12,0.89,12,20,2008
12/21/2008,00:00.0,Overcast,rain,3.355555556,-0.111111111,14.1358,242,6.3434,1019.43,0.89,12,21,2008
12/21/2008,00:00.0,Clear,rain,1.038888889,-2.327777778,11.109,296,14.7798,1026.94,0.85,12,21,2008
12/21/2008,00:00.0,Overcast,rain,3.377777778,-0.594444444,17.3558,271,6.2951,1018.27,0.89,12,21,2008
12/21/2008,00:00.0,Mostly Cloudy,rain,3.4,-0.144444444,14.6349,273,6.2951,1018.16,0.89,12,21,2008
12/21/2008,00:00.0,Mostly Cloudy,rain,3.483333333,0.488888889,11.7369,285,6.8425,1018.11,0.9,12,21,2008
12/21/2008,00:00.0,Mostly Cloudy,rain,4.977777778,0.644444444,23.6348,309,9.982,1017.72,0.82,12,21,2008
12/21/2008,00:00.0,Mostly Cloudy,rain,4.927777778,0.122222222,28.3843,309,9.982,1018.02,0.82,12,21,2008
12/21/2008,00:00.0,Mostly Cloudy,rain,4.005555556,-0.477777778,22.6044,325,11.0285,1018.9,0.88,12,21,2008
12/21/2008,00:00.0,Breezy and Mostly Cloudy,rain,3.933333333,-1.316666667,29.9299,329,9.982,1019.83,0.82,12,21,2008
12/21/2008,00:00.0,Partly Cloudy,rain,5.022222222,0.538888889,25.2126,347,9.982,1021.02,0.82,12,21,2008
12/21/2008,00:00.0,Breezy and Partly Cloudy,rain,6.105555556,1.361111111,31.8619,337,9.982,1022.21,0.75,12,21,2008
12/21/2008,00:00.0,Breezy and Partly Cloudy,rain,7.222222222,2.7,33.5685,329,9.982,1022.49,0.71,12,21,2008
12/21/2008,00:00.0,Breezy and Partly Cloudy,rain,7.777777778,3.45,33.327,339,11.27,1022.59,0.63,12,21,2008
12/21/2008,00:00.0,Partly Cloudy,rain,7.794444444,3.683333333,30.4612,329,11.4471,1022.83,0.66,12,21,2008
12/21/2008,00:00.0,Partly Cloudy,rain,7.777777778,3.766666667,29.0283,339,11.2056,1022.89,0.63,12,21,2008
12/21/2008,00:00.0,Partly Cloudy,rain,7.172222222,3.144444444,27.0319,339,11.2056,1023.48,0.6,12,21,2008
12/21/2008,00:00.0,Partly Cloudy,rain,5.15,1.822222222,15.8263,328,10.3523,1024.31,0.69,12,21,2008
12/21/2008,00:00.0,Partly Cloudy,rain,2.405555556,-0.783333333,11.592,293,9.982,1025.05,0.78,12,21,2008
12/21/2008,00:00.0,Clear,rain,1.272222222,-2.105555556,11.3827,282,9.982,1025.96,0.78,12,21,2008
12/21/2008,00:00.0,Partly Cloudy,rain,1.6,-1.705555556,11.3827,279,9.982,1026.7,0.78,12,21,2008
12/21/2008,00:00.0,Clear,rain,2.266666667,-1.755555556,15.9229,310,9.982,1027.28,0.79,12,21,2008
12/21/2008,00:00.0,Partly Cloudy,rain,1.711111111,-2.161111111,14.3129,310,15.8263,1027.67,0.82,12,21,2008
12/21/2008,00:00.0,Partly Cloudy,rain,1.15,-2.711111111,13.5723,315,14.9569,1028.25,0.82,12,21,2008
12/21/2008,00:00.0,Clear,rain,1.088888889,-2.877777778,14.0392,310,15.8263,1028.57,0.82,12,21,2008
12/22/2008,00:00.0,Clear,rain,0.6,-3.472222222,14.0392,310,15.8263,1028.67,0.85,12,22,2008
12/22/2008,00:00.0,Partly Cloudy,rain,4.844444444,0.316666667,25.116,309,14.168,1023.6,0.81,12,22,2008
12/22/2008,00:00.0,Clear,snow,-0.627777778,-2.933333333,6.5044,310,15.8263,1028.76,0.88,12,22,2008
12/22/2008,00:00.0,Clear,snow,-1.55,-4.055555556,6.6493,301,15.8263,1029.15,0.88,12,22,2008
12/22/2008,00:00.0,Clear,snow,-1.033333333,-3.566666667,6.9391,304,14.9569,1029.2,0.88,12,22,2008
12/22/2008,00:00.0,Clear,snow,-2.038888889,-2.038888889,3.3327,298,9.982,1029.23,0.96,12,22,2008
12/22/2008,00:00.0,Clear,snow,-1.938888889,-1.938888889,3.5098,274,9.982,1029.25,0.88,12,22,2008
12/22/2008,00:00.0,Mostly Cloudy,snow,-0.766666667,-3.716666667,8.2915,274,9.982,1029.65,0.91,12,22,2008
12/22/2008,00:00.0,Mostly Cloudy,rain,0.183333333,0.183333333,3.5742,268,9.6761,1029.52,0.92,12,22,2008
12/22/2008,00:00.0,Mostly Cloudy,rain,2.244444444,-0.883333333,11.1573,298,9.9015,1029.43,0.86,12,22,2008
12/22/2008,00:00.0,Overcast,rain,2.227777778,-0.605555556,9.9015,268,6.2307,1029.66,0.92,12,22,2008
12/22/2008,00:00.0,Overcast,rain,2.916666667,-0.116666667,11.3505,250,8.1305,1028.69,0.89,12,22,2008
12/22/2008,00:00.0,Mostly Cloudy,rain,2.983333333,-0.6,14.3129,240,11.27,1027.88,0.95,12,22,2008
12/22/2008,00:00.0,Mostly Cloudy,rain,3.966666667,0.35,15.9068,232,11.0768,1027.01,0.89,12,22,2008
12/22/2008,00:00.0,Overcast,rain,4.072222222,0.738888889,14.2968,230,8.1949,1025.7,0.92,12,22,2008
12/22/2008,00:00.0,Overcast,rain,5.116666667,1.972222222,14.5705,232,8.1949,1025.17,0.86,12,22,2008
12/22/2008,00:00.0,Overcast,rain,5.016666667,1.383333333,17.7905,239,10.5938,1024.46,0.88,12,22,2008
12/22/2008,00:00.0,Overcast,rain,5.161111111,1.627777778,17.3558,241,11.2056,1023.71,0.86,12,22,2008
12/22/2008,00:00.0,Overcast,rain,6.111111111,2.45,20.3021,251,11.2056,1023.2,0.8,12,22,2008
12/22/2008,00:00.0,Mostly Cloudy,rain,6.038888889,3.061111111,14.9086,259,10.6743,1022.9,0.81,12,22,2008
12/22/2008,00:00.0,Mostly Cloudy,rain,6.161111111,2.372222222,21.5418,280,11.2056,1022.54,0.79,12,22,2008
12/22/2008,00:00.0,Mostly Cloudy,rain,6.183333333,2.533333333,20.3343,281,14.9086,1022.11,0.79,12,22,2008
12/22/2008,00:00.0,Partly Cloudy,rain,6.688888889,2.361111111,28.9317,298,14.9569,1022.14,0.8,12,22,2008
12/22/2008,00:00.0,Breezy and Partly Cloudy,rain,7.15,2.805555556,30.8798,310,15.8263,1022.42,0.76,12,22,2008
12/23/2008,00:00.0,Partly Cloudy,rain,6.133333333,1.961111111,25.277,300,14.9086,1022.52,0.82,12,23,2008
12/23/2008,00:00.0,Clear,rain,1.988888889,-2.711111111,19.9962,333,14.9569,1027.02,0.69,12,23,2008
12/23/2008,00:00.0,Partly Cloudy,rain,5.577777778,1.283333333,24.955,309,15.8263,1022.39,0.76,12,23,2008
12/23/2008,00:00.0,Partly Cloudy,rain,5.116666667,0.65,25.277,309,15.8263,1022.29,0.79,12,23,2008
12/23/2008,00:00.0,Partly Cloudy,rain,5.438888889,1.183333333,24.1339,307,14.9569,1022.24,0.74,12,23,2008
12/23/2008,00:00.0,Partly Cloudy,rain,5.094444444,0.394444444,27.6759,301,9.982,1021.99,0.76,12,23,2008
12/23/2008,00:00.0,Partly Cloudy,rain,5.022222222,0.227777778,28.5453,300,9.982,1022.1,0.76,12,23,2008
12/23/2008,00:00.0,Breezy and Partly Cloudy,rain,4.972222222,-0.122222222,31.878,306,9.982,1022.27,0.7,12,23,2008
12/23/2008,00:00.0,Breezy and Partly Cloudy,rain,5.066666667,-0.1,33.0855,309,9.982,1022.31,0.7,12,23,2008
12/23/2008,00:00.0,Breezy and Partly Cloudy,rain,6.133333333,0.833333333,39.8153,310,9.982,1022.45,0.7,12,23,2008
12/23/2008,00:00.0,Breezy and Partly Cloudy,rain,7.211111111,2.505555556,36.1445,310,11.3988,1022.7,0.64,12,23,2008
12/23/2008,00:00.0,Windy and Partly Cloudy,rain,7.266666667,2.011111111,45.6757,320,11.27,1022.63,0.65,12,23,2008
12/23/2008,00:00.0,Windy and Partly Cloudy,rain,7.8,2.738888889,45.4986,329,11.27,1022.57,0.62,12,23,2008
12/23/2008,00:00.0,Breezy and Partly Cloudy,rain,7.877777778,3.422222222,35.6454,321,11.4471,1022.74,0.56,12,23,2008
12/23/2008,00:00.0,Breezy and Partly Cloudy,rain,7.777777778,3.15,37.835,310,11.27,1022.76,0.53,12,23,2008
12/23/2008,00:00.0,Breezy and Partly Cloudy,rain,7.2,2.911111111,30.3324,310,11.2056,1023.32,0.52,12,23,2008
12/23/2008,00:00.0,Partly Cloudy,rain,5.277777778,0.844444444,25.438,307,11.6242,1023.69,0.63,12,23,2008
12/23/2008,00:00.0,Partly Cloudy,rain,5.044444444,0.527777778,25.6151,301,11.2056,1023.82,0.65,12,23,2008
12/23/2008,00:00.0,Partly Cloudy,rain,4.994444444,0.511111111,25.1482,319,9.982,1024.03,0.7,12,23,2008
12/23/2008,00:00.0,Partly Cloudy,rain,4.111111111,-0.188888889,21.2198,320,10.3523,1024.74,0.74,12,23,2008
12/23/2008,00:00.0,Partly Cloudy,rain,2.866666667,-1.05,16.1322,328,9.982,1025.24,0.76,12,23,2008
12/23/2008,00:00.0,Clear,rain,2.822222222,-1.333333333,17.5973,328,15.8263,1025.72,0.79,12,23,2008
12/23/2008,00:00.0,Clear,rain,2.311111111,-2.7,23.1196,329,14.9569,1026.54,0.75,12,23,2008
12/23/2008,00:00.0,Clear,rain,1.2,-3.322222222,17.4041,319,15.8263,1027,0.78,12,23,2008
12/24/2008,00:00.0,Clear,rain,1.2,-3.372222222,17.7422,329,15.8263,1027.42,0.72,12,24,2008
12/24/2008,00:00.0,Foggy,rain,0.122222222,0.122222222,3.8157,176,3.2039,1023.94,0.89,12,24,2008
12/24/2008,00:00.0,Clear,rain,0.577777778,-4.155555556,17.7583,320,15.8263,1028.29,0.73,12,24,2008
12/24/2008,00:00.0,Clear,rain,0.066666667,-4.244444444,14.6188,319,15.8263,1028.78,0.75,12,24,2008
12/24/2008,00:00.0,Clear,snow,-0.966666667,-4.811111111,11.4149,307,14.9569,1028.94,0.78,12,24,2008
12/24/2008,00:00.0,Clear,snow,-2.066666667,-6.466666667,12.7995,301,9.982,1029.09,0.81,12,24,2008
12/24/2008,00:00.0,Clear,snow,-2.066666667,-7.094444444,15.778,319,9.982,1029.19,0.81,12,24,2008
12/24/2008,00:00.0,Clear,snow,-2.055555556,-6.133333333,11.431,307,9.982,1029.31,0.82,12,24,2008
12/24/2008,00:00.0,Partly Cloudy,snow,-2.105555556,-5.772222222,9.8532,319,9.982,1029.46,0.81,12,24,2008
12/24/2008,00:00.0,Partly Cloudy,rain,0.022222222,-4.233333333,14.2968,319,9.982,1029.55,0.75,12,24,2008
12/24/2008,00:00.0,Partly Cloudy,rain,1.194444444,-3.111111111,16.0517,321,10.3523,1029.77,0.75,12,24,2008
12/24/2008,00:00.0,Partly Cloudy,rain,2.8,-1.316666667,17.3558,348,9.982,1029.74,0.58,12,24,2008
12/24/2008,00:00.0,Partly Cloudy,rain,2.844444444,-0.494444444,12.7995,338,9.982,1029.04,0.57,12,24,2008
12/24/2008,00:00.0,Partly Cloudy,rain,3.861111111,2.461111111,5.9248,343,10.3523,1028.33,0.48,12,24,2008
12/24/2008,00:00.0,Partly Cloudy,rain,2.872222222,-0.372222222,12.3326,300,9.982,1027.43,0.52,12,24,2008
12/24/2008,00:00.0,Partly Cloudy,rain,1.294444444,1.294444444,3.5259,290,9.982,1027.01,0.63,12,24,2008
12/24/2008,00:00.0,Mostly Cloudy,rain,1.394444444,1.394444444,2.8497,220,10.1752,1026.52,0.63,12,24,2008
12/24/2008,00:00.0,Mostly Cloudy,rain,1.25,1.25,4.3148,188,9.982,1026.29,0.69,12,24,2008
12/24/2008,00:00.0,Overcast,rain,1.227777778,-1.161111111,7.6153,204,9.982,1025.9,0.74,12,24,2008
12/24/2008,00:00.0,Overcast,rain,1.272222222,-1.172222222,7.8246,225,9.5473,1025.58,0.74,12,24,2008
12/24/2008,00:00.0,Overcast,rain,1.227777778,1.227777778,3.0751,260,9.9015,1025.12,0.75,12,24,2008
12/24/2008,00:00.0,Overcast,rain,1.177777778,1.177777778,3.3005,197,15.5365,1024.78,0.75,12,24,2008
12/24/2008,00:00.0,Overcast,rain,0.761111111,-1.161111111,6.0697,256,6.2468,1024.52,0.85,12,24,2008
12/24/2008,00:00.0,Foggy,rain,0.138888889,-1.944444444,6.2307,160,2.0125,1023.88,0.92,12,24,2008
12/25/2008,00:00.0,Foggy,rain,0.088888889,0.088888889,3.22,166,2.0125,1023.39,0.92,12,25,2008
12/25/2008,00:00.0,Clear,snow,-3.944444444,-7.144444444,7.4543,341,8.9677,1032.13,0.89,12,25,2008
12/25/2008,00:00.0,Foggy,rain,0.133333333,-1.816666667,5.9087,168,2.0125,1022.63,0.92,12,25,2008
12/25/2008,00:00.0,Foggy,rain,0.111111111,-1.861111111,5.957,158,2.0125,1022.25,0.96,12,25,2008
12/25/2008,00:00.0,Foggy,rain,0.238888889,-1.944444444,6.5527,128,2.3023,1021.95,0.92,12,25,2008
12/25/2008,00:00.0,Foggy,rain,0.133333333,-3.661111111,12.1877,78,2.1252,1022.25,0.92,12,25,2008
12/25/2008,00:00.0,Foggy,rain,0.105555556,-4.327777778,15.3272,68,2.737,1022.74,0.92,12,25,2008
12/25/2008,00:00.0,Foggy,snow,-0.888888889,-5.644444444,15.8102,68,2.7531,1023.23,0.93,12,25,2008
12/25/2008,00:00.0,Foggy,snow,-1.044444444,-5.8,15.617,59,2.8175,1024.09,0.92,12,25,2008
12/25/2008,00:00.0,Overcast,snow,-1.066666667,-5.538888889,14.1197,49,3.3649,1025.19,0.92,12,25,2008
12/25/2008,00:00.0,Mostly Cloudy,snow,-1.044444444,-5.311111111,13.1859,49,4.6529,1026.06,0.92,12,25,2008
12/25/2008,00:00.0,Mostly Cloudy,snow,-1.066666667,-5.233333333,12.6868,30,6.2951,1026.28,0.92,12,25,2008
12/25/2008,00:00.0,Mostly Cloudy,snow,-0.994444444,-5.744444444,15.617,21,8.1305,1026.31,0.88,12,25,2008
12/25/2008,00:00.0,Partly Cloudy,rain,0.044444444,-4.494444444,15.8585,9,8.4203,1026.52,0.86,12,25,2008
12/25/2008,00:00.0,Partly Cloudy,rain,0.116666667,-4.483333333,16.261,11,8.1949,1027.08,0.82,12,25,2008
12/25/2008,00:00.0,Partly Cloudy,rain,0.094444444,-3.838888889,12.7673,344,8.1949,1027.39,0.81,12,25,2008
12/25/2008,00:00.0,Partly Cloudy,snow,-0.955555556,-4.522222222,10.3201,329,8.6457,1028.04,0.87,12,25,2008
12/25/2008,00:00.0,Partly Cloudy,snow,-2.038888889,-5.961111111,10.8514,343,6.2951,1028.89,0.87,12,25,2008
12/25/2008,00:00.0,Partly Cloudy,snow,-2.105555556,-6.072222222,10.9802,351,6.2951,1029.6,0.87,12,25,2008
12/25/2008,00:00.0,Clear,snow,-1.288888889,-5.566666667,12.9927,357,6.8425,1030.53,0.81,12,25,2008
12/25/2008,00:00.0,Clear,snow,-2.15,-6.544444444,12.6707,10,6.2951,1031.21,0.88,12,25,2008
12/25/2008,00:00.0,Clear,snow,-1.666666667,-5.6,11.1895,10,6.2951,1031.9,0.81,12,25,2008
12/25/2008,00:00.0,Clear,snow,-2.822222222,-6.972222222,11.1251,358,6.8425,1032.4,0.85,12,25,2008
12/25/2008,00:00.0,Clear,snow,-3.25,-7.511111111,11.2056,1,6.2951,1032.97,0.85,12,25,2008
12/26/2008,00:00.0,Clear,snow,-3.733333333,-8.105555556,11.2378,0,6.2951,1033.38,0.88,12,26,2008
12/26/2008,00:00.0,Foggy,snow,-7.627777778,-7.627777778,3.1234,132,2.4472,1035.75,0.88,12,26,2008
12/26/2008,00:00.0,Clear,snow,-5.427777778,-8.483333333,6.5205,341,9.982,1034.28,0.91,12,26,2008
12/26/2008,00:00.0,Clear,snow,-5.955555556,-10.73888889,11.0929,340,9.982,1034.5,0.92,12,26,2008
12/26/2008,00:00.0,Partly Cloudy,snow,-5.705555556,-9.355555556,7.8246,332,9.982,1034.68,0.92,12,26,2008
12/26/2008,00:00.0,Mostly Cloudy,snow,-3.938888889,-9.005555556,13.8621,339,11.2056,1034.98,0.84,12,26,2008
12/26/2008,00:00.0,Mostly Cloudy,snow,-2.755555556,-7.611111111,14.1358,1,11.27,1035.3,0.85,12,26,2008
12/26/2008,00:00.0,Partly Cloudy,snow,-2.694444444,-7.572222222,14.2968,10,11.0768,1035.69,0.86,12,26,2008
12/26/2008,00:00.0,Partly Cloudy,snow,-2.705555556,-6.85,11.1734,12,10.0464,1036.09,0.85,12,26,2008
12/26/2008,00:00.0,Mostly Cloudy,snow,-2.105555556,-6.85,14.329,12,10.0464,1036.41,0.81,12,26,2008
12/26/2008,00:00.0,Mostly Cloudy,snow,-1.1,-6.088888889,16.8245,18,9.982,1036.98,0.81,12,26,2008
12/26/2008,00:00.0,Mostly Cloudy,rain,0.027777778,-4.816666667,17.5812,21,11.27,1036.78,0.75,12,26,2008
12/26/2008,00:00.0,Partly Cloudy,rain,0.027777778,-4.505555556,15.778,10,11.27,1036.58,0.75,12,26,2008
12/26/2008,00:00.0,Partly Cloudy,rain,0.927777778,-3.144444444,14.4095,7,11.4471,1036.11,0.71,12,26,2008
12/26/2008,00:00.0,Partly Cloudy,rain,0.05,-4.116666667,13.846,18,11.27,1035.79,0.75,12,26,2008
12/26/2008,00:00.0,Mostly Cloudy,snow,-0.022222222,-3.25,9.7244,340,11.27,1035.78,0.82,12,26,2008
12/26/2008,00:00.0,Mostly Cloudy,snow,-1.005555556,-4.383333333,9.5795,356,11.27,1035.9,0.86,12,26,2008
12/26/2008,00:00.0,Partly Cloudy,snow,-1.088888889,-4.433333333,9.4185,338,11.27,1035.96,0.88,12,26,2008
12/26/2008,00:00.0,Partly Cloudy,snow,-2.738888889,-5.922222222,7.9695,331,10.0464,1036.06,0.85,12,26,2008
12/26/2008,00:00.0,Partly Cloudy,snow,-2.744444444,-6.566666667,9.9659,342,9.499,1036.08,0.85,12,26,2008
12/26/2008,00:00.0,Clear,snow,-3.683333333,-7.516666667,9.4024,341,10.0464,1035.97,0.84,12,26,2008
12/26/2008,00:00.0,Clear,snow,-4.144444444,-7.016666667,6.5527,352,14.9569,1036.16,0.88,12,26,2008
12/26/2008,00:00.0,Partly Cloudy,snow,-4.461111111,-7.105555556,5.9409,1,9.499,1036.2,0.88,12,26,2008
12/26/2008,00:00.0,Partly Cloudy,snow,-4.655555556,-7.627777778,6.601,37,10.0464,1036.45,0.92,12,26,2008
12/27/2008,00:00.0,Clear,snow,-6.716666667,-6.716666667,2.6243,136,4.347,1036.35,0.88,12,27,2008
12/27/2008,00:00.0,Foggy,snow,-5.227777778,-8.45,6.9552,24,1.5778,1035.83,0.92,12,27,2008
12/27/2008,00:00.0,Foggy,snow,-7.805555556,-7.805555556,2.3667,160,0.6601,1036.2,0.88,12,27,2008
12/27/2008,00:00.0,Foggy,snow,-6.322222222,-6.322222222,2.9463,115,0.6118,1036.01,0.88,12,27,2008
12/27/2008,00:00.0,Foggy,snow,-5.872222222,-5.872222222,3.6225,92,1.0626,1035.57,0.92,12,27,2008
12/27/2008,00:00.0,Foggy,snow,-5.977777778,-8.388888889,5.0715,56,1.2236,1035.13,0.92,12,27,2008
12/27/2008,00:00.0,Foggy,snow,-6.094444444,-6.094444444,3.3166,71,0.9177,1035.24,0.91,12,27,2008
12/27/2008,00:00.0,Foggy,snow,-5.133333333,-5.133333333,2.9946,70,0.9338,1035.38,0.86,12,27,2008
12/27/2008,00:00.0,Foggy,snow,-6.094444444,-8.488888889,5.0071,30,1.6744,1035.83,0.92,12,27,2008
12/27/2008,00:00.0,Foggy,snow,-4.927777778,-4.927777778,3.703,42,1.8354,1035.85,0.85,12,27,2008
12/27/2008,00:00.0,Foggy,snow,-4.866666667,-4.866666667,4.3631,32,2.2057,1036.25,0.92,12,27,2008
12/27/2008,00:00.0,Foggy,snow,-4.788888889,-4.788888889,4.2826,54,2.3506,1036.23,0.84,12,27,2008
12/27/2008,00:00.0,Foggy,snow,-4.788888889,-8.477777778,8.372,42,2.3506,1036.02,0.84,12,27,2008
12/27/2008,00:00.0,Foggy,snow,-4.744444444,-7.244444444,5.5545,47,2.7692,1035.65,0.92,12,27,2008
12/27/2008,00:00.0,Foggy,snow,-4.738888889,-8.344444444,8.1627,33,2.9624,1035.3,0.84,12,27,2008
12/27/2008,00:00.0,Overcast,snow,-4.744444444,-8.383333333,8.2593,61,3.4293,1035.19,0.84,12,27,2008
12/27/2008,00:00.0,Overcast,snow,-4.877777778,-7.577777778,5.9248,58,3.6869,1035.33,0.86,12,27,2008
12/27/2008,00:00.0,Overcast,snow,-6.016666667,-6.016666667,2.9463,55,3.2844,1035.41,0.92,12,27,2008
12/27/2008,00:00.0,Overcast,snow,-6.133333333,-6.133333333,1.5939,184,3.6064,1035.82,0.92,12,27,2008
12/27/2008,00:00.0,Overcast,snow,-6.094444444,-6.094444444,1.3363,150,3.7352,1035.86,0.92,12,27,2008
12/27/2008,00:00.0,Foggy,snow,-6.138888889,-6.138888889,3.3166,354,2.5921,1035.66,0.92,12,27,2008
12/27/2008,00:00.0,Foggy,snow,-6.066666667,-6.066666667,2.9624,338,1.7549,1036.04,0.92,12,27,2008
12/27/2008,00:00.0,Foggy,snow,-6.088888889,-6.088888889,3.3166,46,2.3828,1036.15,0.92,12,27,2008
12/27/2008,00:00.0,Foggy,snow,-5.627777778,-9.038888889,7.2611,14,0.4669,1035.95,0.88,12,27,2008
12/28/2008,00:00.0,Foggy,snow,-5.605555556,-8.655555556,6.44,10,0.8211,1035.85,0.88,12,28,2008
12/28/2008,00:00.0,Overcast,snow,-6.066666667,-8.988888889,6.0214,0,4.2343,1037.69,0.9,12,28,2008
12/28/2008,00:00.0,Foggy,snow,-5.677777778,-5.677777778,4.6529,22,0.6762,1035.74,0.92,12,28,2008
12/28/2008,00:00.0,Foggy,snow,-5.627777778,-8.311111111,5.6672,158,0.6762,1035.75,0.88,12,28,2008
12/28/2008,00:00.0,Foggy,snow,-6.161111111,-6.161111111,3.1556,120,1.4973,1035.59,0.92,12,28,2008
12/28/2008,00:00.0,Foggy,snow,-6.138888889,-6.138888889,0.5635,51,0.9821,1035.91,0.92,12,28,2008
12/28/2008,00:00.0,Foggy,snow,-6.188888889,-6.188888889,1.3202,273,1.7549,1035.85,0.92,12,28,2008
12/28/2008,00:00.0,Foggy,snow,-6.2,-6.2,1.8515,30,2.5921,1035.96,0.92,12,28,2008
12/28/2008,00:00.0,Foggy,snow,-6.255555556,-6.255555556,2.8336,73,2.1574,1036.34,0.92,12,28,2008
12/28/2008,00:00.0,Foggy,snow,-6.161111111,-6.161111111,0.322,257,1.8837,1036.84,0.92,12,28,2008
12/28/2008,00:00.0,Foggy,snow,-5.144444444,-5.144444444,1.0948,54,1.9159,1037.31,0.86,12,28,2008
12/28/2008,00:00.0,Foggy,snow,-5.005555556,-8.444444444,7.5992,21,2.2862,1037.52,0.92,12,28,2008
12/28/2008,00:00.0,Foggy,snow,-4.911111111,-8.333333333,7.5992,59,2.6887,1037.31,0.92,12,28,2008
12/28/2008,00:00.0,Foggy,snow,-3.994444444,-6.216666667,5.2164,51,2.6565,1036.79,0.85,12,28,2008
12/28/2008,00:00.0,Foggy,snow,-4.888888889,-4.888888889,4.347,351,2.7853,1036.62,0.92,12,28,2008
12/28/2008,00:00.0,Foggy,snow,-4.888888889,-8.183333333,7.2772,351,2.7853,1036.72,0.91,12,28,2008
12/28/2008,00:00.0,Foggy,snow,-4.95,-8.272222222,7.3255,41,2.4472,1036.85,0.92,12,28,2008
12/28/2008,00:00.0,Overcast,snow,-5.027777778,-5.027777778,3.9606,33,3.9767,1036.92,0.92,12,28,2008
12/28/2008,00:00.0,Overcast,snow,-5.027777778,-8.25,7.0357,339,3.864,1037.03,0.84,12,28,2008
12/28/2008,00:00.0,Overcast,snow,-6.061111111,-6.061111111,3.3649,11,4.186,1037.83,0.92,12,28,2008
12/28/2008,00:00.0,Overcast,snow,-6.072222222,-10.15555556,8.8389,341,3.8479,1037.92,0.92,12,28,2008
12/28/2008,00:00.0,Overcast,snow,-5.561111111,-5.561111111,3.22,60,3.8479,1038.03,0.88,12,28,2008
12/28/2008,00:00.0,Overcast,snow,-6.127777778,-8.994444444,5.8926,306,4.186,1037.91,0.93,12,28,2008
12/28/2008,00:00.0,Overcast,snow,-5.605555556,-8.583333333,6.279,330,3.8479,1037.84,0.88,12,28,2008
12/29/2008,00:00.0,Overcast,snow,-6.161111111,-9.172222222,6.1824,301,3.8479,1038.12,0.92,12,29,2008
12/29/2008,00:00.0,Overcast,snow,-5.088888889,-5.088888889,1.771,136,6.0697,1042.25,0.86,12,29,2008
12/29/2008,00:00.0,Overcast,snow,-6.711111111,-11.35,10.1269,321,3.8479,1038.24,0.92,12,29,2008
12/29/2008,00:00.0,Foggy,snow,-6.777777778,-11.62777778,10.7548,350,2.9302,1038.42,0.89,12,29,2008
12/29/2008,00:00.0,Overcast,snow,-6.683333333,-9.316666667,5.2969,4,3.4454,1037.93,0.89,12,29,2008
12/29/2008,00:00.0,Foggy,snow,-7.194444444,-11.06666667,7.7441,2,1.2397,1038.23,0.88,12,29,2008
12/29/2008,00:00.0,Foggy,snow,-7.172222222,-7.172222222,3.1234,350,0.7728,1038.24,0.88,12,29,2008
12/29/2008,00:00.0,Foggy,snow,-7.005555556,-7.005555556,3.9123,19,1.9803,1038.55,0.89,12,29,2008
12/29/2008,00:00.0,Foggy,snow,-7.15,-7.15,0.161,29,1.4007,1038.75,0.96,12,29,2008
12/29/2008,00:00.0,Foggy,snow,-7.127777778,-7.127777778,4.4436,331,1.8515,1038.95,0.88,12,29,2008
12/29/2008,00:00.0,Foggy,snow,-7.044444444,-7.044444444,3.059,47,2.0608,1039.56,0.96,12,29,2008
12/29/2008,00:00.0,Overcast,snow,-7.083333333,-7.083333333,4.6529,18,3.4293,1039.93,0.96,12,29,2008
12/29/2008,00:00.0,Foggy,snow,-7.066666667,-7.066666667,4.5402,7,2.9785,1039.93,0.96,12,29,2008
12/29/2008,00:00.0,Foggy,snow,-6.105555556,-8.777777778,5.5062,5,2.6887,1039.75,0.89,12,29,2008
12/29/2008,00:00.0,Foggy,snow,-6.016666667,-6.016666667,4.6851,350,2.9785,1039.73,0.89,12,29,2008
12/29/2008,00:00.0,Overcast,snow,-6.038888889,-10.23333333,9.1609,1,3.9123,1040.13,0.92,12,29,2008
12/29/2008,00:00.0,Overcast,snow,-6.116666667,-10.42777778,9.4668,19,4.025,1040.26,0.92,12,29,2008
12/29/2008,00:00.0,Overcast,snow,-6.083333333,-9.755555556,7.728,20,4.4275,1040.53,0.92,12,29,2008
12/29/2008,00:00.0,Overcast,snow,-6.061111111,-6.061111111,3.3327,53,4.9105,1040.85,0.92,12,29,2008
12/29/2008,00:00.0,Overcast,snow,-5.177777778,-5.177777778,2.6887,19,5.6994,1041.19,0.86,12,29,2008
12/29/2008,00:00.0,Overcast,snow,-5.022222222,-5.022222222,0.2415,56,6.0053,1041.54,0.85,12,29,2008
12/29/2008,00:00.0,Overcast,snow,-5.022222222,-5.022222222,3.1717,100,5.9731,1041.93,0.88,12,29,2008
12/29/2008,00:00.0,Overcast,snow,-5.133333333,-5.133333333,4.7173,227,6.2468,1042.37,0.86,12,29,2008
12/29/2008,00:00.0,Overcast,snow,-5.022222222,-7.7,5.8282,209,6.0214,1042.63,0.89,12,29,2008
